CREATE DATABASE lecture08;
USE lecture08;

CREATE TABLE department(
	DEPTNO varchar(3) NOT NULL,
	DEPTNAME varchar(255) NOT NULL,
	MGRNO varchar(6) NULL,
	ADMRDEPT varchar(3) NOT NULL
); 

CREATE TABLE employee(
	EMPNO varchar(6) NOT NULL,
	FIRSTNAME varchar(255) NOT NULL,
	MIDINIT varchar(1) NOT NULL,
	LASTNAME varchar(255) NOT NULL,
	WORKDEPT varchar(3) NULL,
	PHONENO varchar(4) NULL,
	HIREDATE varchar(10) NULL,
	SALARY decimal(9, 2) NULL
);

CREATE TABLE project(
	PROJNO varchar(6) NOT NULL,
	PROJNAME varchar(255) NOT NULL,
	DEPTNO varchar(3) NOT NULL,
	RESPEMP varchar(6) NOT NULL,
	MAJPROJ varchar(6) NULL
);

INSERT department (DEPTNO, DEPTNAME, MGRNO, ADMRDEPT) VALUES ('A00', 'SPIFFY COMPUTER SERVICE DIV.', '000010', 'A00');
INSERT department (DEPTNO, DEPTNAME, MGRNO, ADMRDEPT) VALUES ('B01', 'PLANNING', '000020', 'A00');
INSERT department (DEPTNO, DEPTNAME, MGRNO, ADMRDEPT) VALUES ('C01', 'INFORMATION CENTER', '000030', 'A00');
INSERT department (DEPTNO, DEPTNAME, MGRNO, ADMRDEPT) VALUES ('D01', 'DEVELOPMENT CENTER', NULL, 'A00');
INSERT department (DEPTNO, DEPTNAME, MGRNO, ADMRDEPT) VALUES ('D11', 'MANUFACTURING SYSTEMS', '000060', 'D01');
INSERT department (DEPTNO, DEPTNAME, MGRNO, ADMRDEPT) VALUES ('D21', 'ADMINISTRATION SYSTEMS', '000070', 'D01');
INSERT department (DEPTNO, DEPTNAME, MGRNO, ADMRDEPT) VALUES ('E01', 'SUPPORT SERVICES', '000050', 'A00');
INSERT department (DEPTNO, DEPTNAME, MGRNO, ADMRDEPT) VALUES ('E11', 'OPERATIONS', '000090', 'E01');
INSERT department (DEPTNO, DEPTNAME, MGRNO, ADMRDEPT) VALUES ('E21', 'SOFTWARE SUPPORT', '000100', 'E01');
INSERT department (DEPTNO, DEPTNAME, MGRNO, ADMRDEPT) VALUES ('F22', 'BRANCH OFFICE F2', NULL, 'E01');
INSERT department (DEPTNO, DEPTNAME, MGRNO, ADMRDEPT) VALUES ('G22', 'BRANCH OFFICE G2', NULL, 'E01');
INSERT department (DEPTNO, DEPTNAME, MGRNO, ADMRDEPT) VALUES ('H22', 'BRANCH OFFICE H2', NULL, 'E01');
INSERT department (DEPTNO, DEPTNAME, MGRNO, ADMRDEPT) VALUES ('I22', 'BRANCH OFFICE I2', NULL, 'E01');
INSERT department (DEPTNO, DEPTNAME, MGRNO, ADMRDEPT) VALUES ('J22', 'BRANCH OFFICE J2', NULL, 'E01');
INSERT department (DEPTNO, DEPTNAME, MGRNO, ADMRDEPT) VALUES ('A00', 'SPIFFY COMPUTER SERVICE DIV.', '000010', 'A00');
INSERT department (DEPTNO, DEPTNAME, MGRNO, ADMRDEPT) VALUES ('B01', 'PLANNING', '000020', 'A00');
INSERT department (DEPTNO, DEPTNAME, MGRNO, ADMRDEPT) VALUES ('C01', 'INFORMATION CENTER', '000030', 'A00');
INSERT department (DEPTNO, DEPTNAME, MGRNO, ADMRDEPT) VALUES ('D01', 'DEVELOPMENT CENTER', NULL, 'A00');
INSERT department (DEPTNO, DEPTNAME, MGRNO, ADMRDEPT) VALUES ('D11', 'MANUFACTURING SYSTEMS', '000060', 'D01');
INSERT department (DEPTNO, DEPTNAME, MGRNO, ADMRDEPT) VALUES ('D21', 'ADMINISTRATION SYSTEMS', '000070', 'D01');
INSERT department (DEPTNO, DEPTNAME, MGRNO, ADMRDEPT) VALUES ('E01', 'SUPPORT SERVICES', '000050', 'A00');
INSERT department (DEPTNO, DEPTNAME, MGRNO, ADMRDEPT) VALUES ('E11', 'OPERATIONS', '000090', 'E01');
INSERT department (DEPTNO, DEPTNAME, MGRNO, ADMRDEPT) VALUES ('E21', 'SOFTWARE SUPPORT', '000100', 'E01');
INSERT department (DEPTNO, DEPTNAME, MGRNO, ADMRDEPT) VALUES ('F22', 'BRANCH OFFICE F2', NULL, 'E01');
INSERT department (DEPTNO, DEPTNAME, MGRNO, ADMRDEPT) VALUES ('G22', 'BRANCH OFFICE G2', NULL, 'E01');
INSERT department (DEPTNO, DEPTNAME, MGRNO, ADMRDEPT) VALUES ('H22', 'BRANCH OFFICE H2', NULL, 'E01');
INSERT department (DEPTNO, DEPTNAME, MGRNO, ADMRDEPT) VALUES ('I22', 'BRANCH OFFICE I2', NULL, 'E01');
INSERT department (DEPTNO, DEPTNAME, MGRNO, ADMRDEPT) VALUES ('J22', 'BRANCH OFFICE J2', NULL, 'E01');
INSERT employee (EMPNO, FIRSTNAME, MIDINIT, LASTNAME, WORKDEPT, PHONENO, HIREDATE, SALARY) VALUES ('000010', 'CHRISTINE', 'I', 'HAAS', 'A00', '3978', '1965-01-01', CAST(55387.50 AS Decimal(9, 2)));
INSERT employee (EMPNO, FIRSTNAME, MIDINIT, LASTNAME, WORKDEPT, PHONENO, HIREDATE, SALARY) VALUES ('000020', 'MICHAEL', 'L', 'THOMPSON', 'B01', '3476', '1973-10-10', CAST(43312.50 AS Decimal(9, 2)));
INSERT employee (EMPNO, FIRSTNAME, MIDINIT, LASTNAME, WORKDEPT, PHONENO, HIREDATE, SALARY) VALUES ('000030', 'SALLY', 'A', 'KWAN', 'C01', '4738', '1975-05-04', CAST(40162.50 AS Decimal(9, 2)));
INSERT employee (EMPNO, FIRSTNAME, MIDINIT, LASTNAME, WORKDEPT, PHONENO, HIREDATE, SALARY) VALUES ('000050', 'JOHN', 'B', 'GEYER', 'E01', '6789', '1949-08-17', CAST(42183.75 AS Decimal(9, 2)));
INSERT employee (EMPNO, FIRSTNAME, MIDINIT, LASTNAME, WORKDEPT, PHONENO, HIREDATE, SALARY) VALUES ('000060', 'IRVING', 'F', 'STERN', 'D11', '6423', '1973-09-14', CAST(33862.50 AS Decimal(9, 2)));
INSERT employee (EMPNO, FIRSTNAME, MIDINIT, LASTNAME, WORKDEPT, PHONENO, HIREDATE, SALARY) VALUES ('000070', 'EVA', 'D', 'PULASKI', 'D21', '7831', '1980-09-30', CAST(37978.50 AS Decimal(9, 2)));
INSERT employee (EMPNO, FIRSTNAME, MIDINIT, LASTNAME, WORKDEPT, PHONENO, HIREDATE, SALARY) VALUES ('000090', 'EILEEN', 'W', 'HENDERSON', 'E11', '5498', '1970-08-15', CAST(31237.50 AS Decimal(9, 2)));
INSERT employee (EMPNO, FIRSTNAME, MIDINIT, LASTNAME, WORKDEPT, PHONENO, HIREDATE, SALARY) VALUES ('000100', 'THEODORE', 'Q', 'SPENSER', 'E01', '972 ', '1980-06-15', CAST(27457.50 AS Decimal(9, 2)));
INSERT employee (EMPNO, FIRSTNAME, MIDINIT, LASTNAME, WORKDEPT, PHONENO, HIREDATE, SALARY) VALUES ('000110', 'VINCENZO', 'G', 'LUCCHESSI', 'A00', '3490', '1958-05-16', CAST(48825.00 AS Decimal(9, 2)));
INSERT employee (EMPNO, FIRSTNAME, MIDINIT, LASTNAME, WORKDEPT, PHONENO, HIREDATE, SALARY) VALUES ('000120', 'SEAN', 'S', 'OCONNELL', 'A00', '2167', '1963-05-12', CAST(30712.50 AS Decimal(9, 2)));
INSERT employee (EMPNO, FIRSTNAME, MIDINIT, LASTNAME, WORKDEPT, PHONENO, HIREDATE, SALARY) VALUES ('000130', 'DOLORES', 'M', 'QUINTANA', 'C01', '4578', '1971-07-28', CAST(24990.00 AS Decimal(9, 2)));
INSERT employee (EMPNO, FIRSTNAME, MIDINIT, LASTNAME, WORKDEPT, PHONENO, HIREDATE, SALARY) VALUES ('000140', 'HEATHER', 'A', 'NICHOLLS', 'C01', '1793', '1976-12-15', CAST(29841.00 AS Decimal(9, 2)));
INSERT employee (EMPNO, FIRSTNAME, MIDINIT, LASTNAME, WORKDEPT, PHONENO, HIREDATE, SALARY) VALUES ('000150', 'BRUCE', 'B', 'ADAMSON', 'D11', '4510', '1972-02-12', CAST(26544.00 AS Decimal(9, 2)));
INSERT employee (EMPNO, FIRSTNAME, MIDINIT, LASTNAME, WORKDEPT, PHONENO, HIREDATE, SALARY) VALUES ('000160', 'ELIZABETH', 'R', 'PIANKA', 'D11', '3782', '1977-10-11', CAST(23362.50 AS Decimal(9, 2)));
INSERT employee (EMPNO, FIRSTNAME, MIDINIT, LASTNAME, WORKDEPT, PHONENO, HIREDATE, SALARY) VALUES ('000170', 'MASATOSHI', 'J', 'YOSHIMURA', 'D11', '2890', '1978-09-15', CAST(25914.00 AS Decimal(9, 2)));
INSERT employee (EMPNO, FIRSTNAME, MIDINIT, LASTNAME, WORKDEPT, PHONENO, HIREDATE, SALARY) VALUES ('000180', 'MARILYN', 'S', 'SCOUTTEN', 'D11', '1682', '1973-07-07', CAST(22407.00 AS Decimal(9, 2)));
INSERT employee (EMPNO, FIRSTNAME, MIDINIT, LASTNAME, WORKDEPT, PHONENO, HIREDATE, SALARY) VALUES ('000190', 'JAMES', 'H', 'WALKER', 'D11', '2986', '1974-07-26', CAST(21472.50 AS Decimal(9, 2)));
INSERT employee (EMPNO, FIRSTNAME, MIDINIT, LASTNAME, WORKDEPT, PHONENO, HIREDATE, SALARY) VALUES ('000200', 'DAVID', 'D', 'BROWN', 'D11', '4501', '1966-03-03', CAST(29127.00 AS Decimal(9, 2)));
INSERT employee (EMPNO, FIRSTNAME, MIDINIT, LASTNAME, WORKDEPT, PHONENO, HIREDATE, SALARY) VALUES ('000210', 'WILLIAM', 'T', 'JONES', 'D11', '942 ', '1979-04-11', CAST(19183.50 AS Decimal(9, 2)));
INSERT employee (EMPNO, FIRSTNAME, MIDINIT, LASTNAME, WORKDEPT, PHONENO, HIREDATE, SALARY) VALUES ('000220', 'JENNIFER', 'K', 'LUTZ', 'D11', '672 ', '1968-08-29', CAST(31332.00 AS Decimal(9, 2)));
INSERT employee (EMPNO, FIRSTNAME, MIDINIT, LASTNAME, WORKDEPT, PHONENO, HIREDATE, SALARY) VALUES ('000230', 'JAMES', 'J', 'JEFFERSON', 'D21', '2094', '1966-11-21', CAST(23289.00 AS Decimal(9, 2)));
INSERT employee (EMPNO, FIRSTNAME, MIDINIT, LASTNAME, WORKDEPT, PHONENO, HIREDATE, SALARY) VALUES ('000240', 'SALVATORE', 'M', 'MARINO', 'D21', '3780', '1979-12-05', CAST(30198.00 AS Decimal(9, 2)));
INSERT employee (EMPNO, FIRSTNAME, MIDINIT, LASTNAME, WORKDEPT, PHONENO, HIREDATE, SALARY) VALUES ('000250', 'DANIEL', 'S', 'SMITH', 'D21', '961 ', '1969-10-30', CAST(20139.00 AS Decimal(9, 2)));
INSERT employee (EMPNO, FIRSTNAME, MIDINIT, LASTNAME, WORKDEPT, PHONENO, HIREDATE, SALARY) VALUES ('000260', 'SYBIL', 'P', 'JOHNSON', 'D21', '8953', '1975-09-11', CAST(18112.50 AS Decimal(9, 2)));
INSERT employee (EMPNO, FIRSTNAME, MIDINIT, LASTNAME, WORKDEPT, PHONENO, HIREDATE, SALARY) VALUES ('000270', 'MARIA', 'L', 'PEREZ', 'D21', '9001', '1980-09-30', CAST(28749.00 AS Decimal(9, 2)));
INSERT employee (EMPNO, FIRSTNAME, MIDINIT, LASTNAME, WORKDEPT, PHONENO, HIREDATE, SALARY) VALUES ('000280', 'ETHEL', 'R', 'SCHNEIDER', 'E11', '8997', '1967-03-24', CAST(27562.50 AS Decimal(9, 2)));
INSERT employee (EMPNO, FIRSTNAME, MIDINIT, LASTNAME, WORKDEPT, PHONENO, HIREDATE, SALARY) VALUES ('000290', 'JOHN', 'R', 'PARKER', 'E11', '4502', '1980-05-30', CAST(16107.00 AS Decimal(9, 2)));
INSERT employee (EMPNO, FIRSTNAME, MIDINIT, LASTNAME, WORKDEPT, PHONENO, HIREDATE, SALARY) VALUES ('000300', 'PHILIP', 'X', 'SMITH', 'E11', '2095', '1972-06-19', CAST(18637.50 AS Decimal(9, 2)));
INSERT employee (EMPNO, FIRSTNAME, MIDINIT, LASTNAME, WORKDEPT, PHONENO, HIREDATE, SALARY) VALUES ('000310', 'MAUDE', 'F', 'SETRIGHT', 'E11', '3332', '1964-09-12', CAST(16695.00 AS Decimal(9, 2)));
INSERT employee (EMPNO, FIRSTNAME, MIDINIT, LASTNAME, WORKDEPT, PHONENO, HIREDATE, SALARY) VALUES ('000320', 'RAMLAL', 'V', 'MEHTA', 'E01', '9990', '1965-07-07', CAST(20947.50 AS Decimal(9, 2)));
INSERT employee (EMPNO, FIRSTNAME, MIDINIT, LASTNAME, WORKDEPT, PHONENO, HIREDATE, SALARY) VALUES ('000330', 'WING', 'W', 'LEE', 'E01', '2103', '1976-02-23', CAST(26638.50 AS Decimal(9, 2)));
INSERT employee (EMPNO, FIRSTNAME, MIDINIT, LASTNAME, WORKDEPT, PHONENO, HIREDATE, SALARY) VALUES ('000340', 'JASON', 'R', 'GOUNOT', 'E01', '5698', '1947-05-05', CAST(25032.00 AS Decimal(9, 2)));
INSERT employee (EMPNO, FIRSTNAME, MIDINIT, LASTNAME, WORKDEPT, PHONENO, HIREDATE, SALARY) VALUES ('200010', 'DIAN', 'J', 'HEMMINGER', 'A00', '3978', '1965-01-01', CAST(48825.00 AS Decimal(9, 2)));
INSERT employee (EMPNO, FIRSTNAME, MIDINIT, LASTNAME, WORKDEPT, PHONENO, HIREDATE, SALARY) VALUES ('200120', 'GREG', 'G', 'ORLANDO', 'A00', '2167', '1972-05-05', CAST(30712.50 AS Decimal(9, 2)));
INSERT employee (EMPNO, FIRSTNAME, MIDINIT, LASTNAME, WORKDEPT, PHONENO, HIREDATE, SALARY) VALUES ('200140', 'KIM', '', 'NATZ', 'C01', '1793', '1976-12-15', CAST(29841.00 AS Decimal(9, 2)));
INSERT employee (EMPNO, FIRSTNAME, MIDINIT, LASTNAME, WORKDEPT, PHONENO, HIREDATE, SALARY) VALUES ('200170', 'KIYOSHI', 'K', 'YAMAMOTO', 'D11', '2890', '1978-09-15', CAST(25914.00 AS Decimal(9, 2)));
INSERT employee (EMPNO, FIRSTNAME, MIDINIT, LASTNAME, WORKDEPT, PHONENO, HIREDATE, SALARY) VALUES ('200220', 'REBA', 'K', 'JOHN', 'D11', '672 ', '1968-08-29', CAST(31332.00 AS Decimal(9, 2)));
INSERT employee (EMPNO, FIRSTNAME, MIDINIT, LASTNAME, WORKDEPT, PHONENO, HIREDATE, SALARY) VALUES ('200240', 'ROBERT', 'M', 'MONTEVERDE', 'D21', '3780', '1979-12-05', CAST(30198.00 AS Decimal(9, 2)));
INSERT employee (EMPNO, FIRSTNAME, MIDINIT, LASTNAME, WORKDEPT, PHONENO, HIREDATE, SALARY) VALUES ('200280', 'EILEEN', 'R', 'SCHWARTZ', 'E11', '8997', '1967-03-24', CAST(27562.50 AS Decimal(9, 2)));
INSERT employee (EMPNO, FIRSTNAME, MIDINIT, LASTNAME, WORKDEPT, PHONENO, HIREDATE, SALARY) VALUES ('200310', 'MICHELLE', 'F', 'SPRINGER', 'E11', '3332', '1964-09-12', CAST(16695.00 AS Decimal(9, 2)));
INSERT employee (EMPNO, FIRSTNAME, MIDINIT, LASTNAME, WORKDEPT, PHONENO, HIREDATE, SALARY) VALUES ('200330', 'HELENA', 'H', 'WONG', 'E01', '2103', '1976-02-23', CAST(26638.50 AS Decimal(9, 2)));
INSERT employee (EMPNO, FIRSTNAME, MIDINIT, LASTNAME, WORKDEPT, PHONENO, HIREDATE, SALARY) VALUES ('200340', 'ROY', 'R', 'ALONZO', 'E01', '5698', '1947-05-05', CAST(25032.00 AS Decimal(9, 2)));
INSERT project (PROJNO, PROJNAME, DEPTNO, RESPEMP, MAJPROJ) VALUES ('AD3100', 'ADMIN SERVICES', 'D01', '000010', '      ');
INSERT project (PROJNO, PROJNAME, DEPTNO, RESPEMP, MAJPROJ) VALUES ('AD3110', 'GENERAL AD SYSTEM', 'D21', '000070', NULL);
INSERT project (PROJNO, PROJNAME, DEPTNO, RESPEMP, MAJPROJ) VALUES ('AD3111', 'PAYROLL PROGRAMMING', 'D21', '000230', NULL);
INSERT project (PROJNO, PROJNAME, DEPTNO, RESPEMP, MAJPROJ) VALUES ('AD3112', 'PERSONNEL PROGRAMMING', 'D21', '000250', NULL);
INSERT project (PROJNO, PROJNAME, DEPTNO, RESPEMP, MAJPROJ) VALUES ('AD3113', 'ACCOUNT. PROGRAMMING', 'D21', '000270', NULL);
INSERT project (PROJNO, PROJNAME, DEPTNO, RESPEMP, MAJPROJ) VALUES ('IF1000', 'QUERY SERVICES', 'C01', '000030', NULL);
INSERT project (PROJNO, PROJNAME, DEPTNO, RESPEMP, MAJPROJ) VALUES ('IF2000', 'USER EDUCATION', 'C01', '000030', NULL);
INSERT project (PROJNO, PROJNAME, DEPTNO, RESPEMP, MAJPROJ) VALUES ('MA2100', 'WELD LINE AUTOMATION', 'D01', '000010', NULL);
INSERT project (PROJNO, PROJNAME, DEPTNO, RESPEMP, MAJPROJ) VALUES ('MA2110', 'W L PROGRAMMING', 'D11', '000060', NULL);
INSERT project (PROJNO, PROJNAME, DEPTNO, RESPEMP, MAJPROJ) VALUES ('MA2111', 'W L PROGRAM DESIGN', 'D11', '000220', NULL);
INSERT project (PROJNO, PROJNAME, DEPTNO, RESPEMP, MAJPROJ) VALUES ('MA2112', 'W L ROBOT DESIGN', 'D11', '000150', NULL);
INSERT project (PROJNO, PROJNAME, DEPTNO, RESPEMP, MAJPROJ) VALUES ('MA2113', 'W L PROD CONT PROGS', 'D11', '000160', NULL);
INSERT project (PROJNO, PROJNAME, DEPTNO, RESPEMP, MAJPROJ) VALUES ('OP1000', 'OPERATION SUPPORT', 'E01', '000050', NULL);
INSERT project (PROJNO, PROJNAME, DEPTNO, RESPEMP, MAJPROJ) VALUES ('OP1010', 'OPERATION', 'E11', '000090', NULL);
INSERT project (PROJNO, PROJNAME, DEPTNO, RESPEMP, MAJPROJ) VALUES ('OP2000', 'GEN SYSTEM SERVICES', 'E01', '000050', NULL);
INSERT project (PROJNO, PROJNAME, DEPTNO, RESPEMP, MAJPROJ) VALUES ('OP2010', 'SYSTEMS SUPPORT', 'E21', '000100', NULL);
INSERT project (PROJNO, PROJNAME, DEPTNO, RESPEMP, MAJPROJ) VALUES ('OP2011', 'SCP SYSTEMS SUPPORT', 'E21', '000320', NULL);
INSERT project (PROJNO, PROJNAME, DEPTNO, RESPEMP, MAJPROJ) VALUES ('OP2012', 'APPLICATIONS SUPPORT', 'E21', '000330', NULL);
INSERT project (PROJNO, PROJNAME, DEPTNO, RESPEMP, MAJPROJ) VALUES ('OP2013', 'DB/DC SUPPORT', 'E21', '000340', NULL);
INSERT project (PROJNO, PROJNAME, DEPTNO, RESPEMP, MAJPROJ) VALUES ('PL2100', 'WELD LINE PLANNING', 'B01', '000020', NULL);
INSERT project (PROJNO, PROJNAME, DEPTNO, RESPEMP, MAJPROJ) VALUES ('AD3100', 'ADMIN SERVICES', 'D01', '000010', '      ');
INSERT project (PROJNO, PROJNAME, DEPTNO, RESPEMP, MAJPROJ) VALUES ('AD3110', 'GENERAL AD SYSTEM', 'D21', '000070', NULL);
INSERT project (PROJNO, PROJNAME, DEPTNO, RESPEMP, MAJPROJ) VALUES ('AD3111', 'PAYROLL PROGRAMMING', 'D21', '000230', NULL);
INSERT project (PROJNO, PROJNAME, DEPTNO, RESPEMP, MAJPROJ) VALUES ('AD3112', 'PERSONNEL PROGRAMMING', 'D21', '000250', NULL);
INSERT project (PROJNO, PROJNAME, DEPTNO, RESPEMP, MAJPROJ) VALUES ('AD3113', 'ACCOUNT. PROGRAMMING', 'D21', '000270', NULL);
INSERT project (PROJNO, PROJNAME, DEPTNO, RESPEMP, MAJPROJ) VALUES ('IF1000', 'QUERY SERVICES', 'C01', '000030', NULL);
INSERT project (PROJNO, PROJNAME, DEPTNO, RESPEMP, MAJPROJ) VALUES ('IF2000', 'USER EDUCATION', 'C01', '000030', NULL);
INSERT project (PROJNO, PROJNAME, DEPTNO, RESPEMP, MAJPROJ) VALUES ('MA2100', 'WELD LINE AUTOMATION', 'D01', '000010', NULL);
INSERT project (PROJNO, PROJNAME, DEPTNO, RESPEMP, MAJPROJ) VALUES ('MA2110', 'W L PROGRAMMING', 'D11', '000060', NULL);
INSERT project (PROJNO, PROJNAME, DEPTNO, RESPEMP, MAJPROJ) VALUES ('MA2111', 'W L PROGRAM DESIGN', 'D11', '000220', NULL);
INSERT project (PROJNO, PROJNAME, DEPTNO, RESPEMP, MAJPROJ) VALUES ('MA2112', 'W L ROBOT DESIGN', 'D11', '000150', NULL);
INSERT project (PROJNO, PROJNAME, DEPTNO, RESPEMP, MAJPROJ) VALUES ('MA2113', 'W L PROD CONT PROGS', 'D11', '000160', NULL);
INSERT project (PROJNO, PROJNAME, DEPTNO, RESPEMP, MAJPROJ) VALUES ('OP1000', 'OPERATION SUPPORT', 'E01', '000050', NULL);
INSERT project (PROJNO, PROJNAME, DEPTNO, RESPEMP, MAJPROJ) VALUES ('OP1010', 'OPERATION', 'E11', '000090', NULL);
INSERT project (PROJNO, PROJNAME, DEPTNO, RESPEMP, MAJPROJ) VALUES ('OP2000', 'GEN SYSTEM SERVICES', 'E01', '000050', NULL);
INSERT project (PROJNO, PROJNAME, DEPTNO, RESPEMP, MAJPROJ) VALUES ('OP2010', 'SYSTEMS SUPPORT', 'E21', '000100', NULL);
INSERT project (PROJNO, PROJNAME, DEPTNO, RESPEMP, MAJPROJ) VALUES ('OP2011', 'SCP SYSTEMS SUPPORT', 'E21', '000320', NULL);
INSERT project (PROJNO, PROJNAME, DEPTNO, RESPEMP, MAJPROJ) VALUES ('OP2012', 'APPLICATIONS SUPPORT', 'E21', '000330', NULL);
INSERT project (PROJNO, PROJNAME, DEPTNO, RESPEMP, MAJPROJ) VALUES ('OP2013', 'DB/DC SUPPORT', 'E21', '000340', NULL);
INSERT project (PROJNO, PROJNAME, DEPTNO, RESPEMP, MAJPROJ) VALUES ('PL2100', 'WELD LINE PLANNING', 'B01', '000020', NULL);